delete from account_subject_info where plat_no in('BOB-FENGJR-B-20170509','BOB-FENGJR-ZS-B-20170509','BOB-FENGJR-ZX-B-20170509');
#账户
INSERT INTO account_subject_info (update_time,`platcust`, `plat_no`, `subject`, `sub_subject`, `t_balance`, `n_balance`) VALUES (now(),'1', 'BOB-FENGJR-B-20170509', '01', '03', '0.0000', '0.0000');
INSERT INTO account_subject_info (update_time,`platcust`, `plat_no`, `subject`, `sub_subject`, `t_balance`, `n_balance`) VALUES (now(),'1', 'BOB-FENGJR-B-20170509', '02', '03', '0.0000', '0.0000');
INSERT INTO account_subject_info (update_time,`platcust`, `plat_no`, `subject`, `sub_subject`, `t_balance`, `n_balance`) VALUES (now(),'2', 'BOB-FENGJR-B-20170509', '01', '03', '0', '0');
INSERT INTO account_subject_info (update_time,`platcust`, `plat_no`, `subject`, `sub_subject`, `t_balance`, `n_balance`) VALUES (now(),'2', 'BOB-FENGJR-B-20170509', '02', '03', '600.000', '600.000');
INSERT INTO account_subject_info (update_time,`platcust`, `plat_no`, `subject`, `sub_subject`, `t_balance`, `n_balance`) VALUES (now(),'3', 'BOB-FENGJR-B-20170509', '01', '03', '0', '0');
INSERT INTO account_subject_info (update_time,`platcust`, `plat_no`, `subject`, `sub_subject`, `t_balance`, `n_balance`) VALUES (now(),'3', 'BOB-FENGJR-B-20170509', '02', '03', '400.0000', '400.0000');
INSERT INTO account_subject_info (update_time,`platcust`, `plat_no`, `subject`, `sub_subject`, `t_balance`, `n_balance`) VALUES (now(),'4', 'BOB-FENGJR-B-20170509', '01', '03', '0.0000', '0.0000');
INSERT INTO account_subject_info (update_time,`platcust`, `plat_no`, `subject`, `sub_subject`, `t_balance`, `n_balance`) VALUES (now(),'4', 'BOB-FENGJR-B-20170509', '02', '03', '0.0000', '0.0000');
INSERT INTO account_subject_info (update_time,`platcust`, `plat_no`, `subject`, `sub_subject`, `t_balance`, `n_balance`) VALUES (now(),'1', 'BOB-FENGJR-ZS-B-20170509', '01', '01', '0', '0');
INSERT INTO account_subject_info (update_time,`platcust`, `plat_no`, `subject`, `sub_subject`, `t_balance`, `n_balance`) VALUES (now(),'1', 'BOB-FENGJR-ZS-B-20170509', '01', '02', '0.0000', '0.0000');
INSERT INTO account_subject_info (update_time,`platcust`, `plat_no`, `subject`, `sub_subject`, `t_balance`, `n_balance`) VALUES (now(),'1', 'BOB-FENGJR-ZS-B-20170509', '02', '01', '500.0000', '500.0000');
INSERT INTO account_subject_info (update_time,`platcust`, `plat_no`, `subject`, `sub_subject`, `t_balance`, `n_balance`) VALUES (now(),'1', 'BOB-FENGJR-ZS-B-20170509', '02', '02', '0.0000', '0.0000');
INSERT INTO account_subject_info (update_time,`platcust`, `plat_no`, `subject`, `sub_subject`, `t_balance`, `n_balance`) VALUES (now(),'2', 'BOB-FENGJR-ZS-B-20170509', '01', '01', '0.0000', '0.0000');
INSERT INTO account_subject_info (update_time,`platcust`, `plat_no`, `subject`, `sub_subject`, `t_balance`, `n_balance`) VALUES (now(),'2', 'BOB-FENGJR-ZS-B-20170509', '01', '02', '0.0000', '0.0000');
INSERT INTO account_subject_info (update_time,`platcust`, `plat_no`, `subject`, `sub_subject`, `t_balance`, `n_balance`) VALUES (now(),'2', 'BOB-FENGJR-ZS-B-20170509', '02', '01', '0.0000', '0.0000');
INSERT INTO account_subject_info (update_time,`platcust`, `plat_no`, `subject`, `sub_subject`, `t_balance`, `n_balance`) VALUES (now(),'2', 'BOB-FENGJR-ZS-B-20170509', '02', '02', '0.0000', '0.0000');
INSERT INTO account_subject_info (update_time,`platcust`, `plat_no`, `subject`, `sub_subject`, `t_balance`, `n_balance`) VALUES (now(),'3', 'BOB-FENGJR-ZS-B-20170509', '01', '01', '0.0000', '0.0000');
INSERT INTO account_subject_info (update_time,`platcust`, `plat_no`, `subject`, `sub_subject`, `t_balance`, `n_balance`) VALUES (now(),'3', 'BOB-FENGJR-ZS-B-20170509', '01', '02', '0.0000', '0.0000');
INSERT INTO account_subject_info (update_time,`platcust`, `plat_no`, `subject`, `sub_subject`, `t_balance`, `n_balance`) VALUES (now(),'3', 'BOB-FENGJR-ZS-B-20170509', '02', '01', '0.0000', '0.0000');
INSERT INTO account_subject_info (update_time,`platcust`, `plat_no`, `subject`, `sub_subject`, `t_balance`, `n_balance`) VALUES (now(),'3', 'BOB-FENGJR-ZS-B-20170509', '02', '02', '0.0000', '0.0000');
INSERT INTO account_subject_info (update_time,`platcust`, `plat_no`, `subject`, `sub_subject`, `t_balance`, `n_balance`) VALUES (now(),'4', 'BOB-FENGJR-ZS-B-20170509', '01', '01', '0', '0');
INSERT INTO account_subject_info (update_time,`platcust`, `plat_no`, `subject`, `sub_subject`, `t_balance`, `n_balance`) VALUES (now(),'4', 'BOB-FENGJR-ZS-B-20170509', '01', '02', '0.0000', '0.0000');
INSERT INTO account_subject_info (update_time,`platcust`, `plat_no`, `subject`, `sub_subject`, `t_balance`, `n_balance`) VALUES (now(),'4', 'BOB-FENGJR-ZS-B-20170509', '02', '01', '500.000', '500.000');
INSERT INTO account_subject_info (update_time,`platcust`, `plat_no`, `subject`, `sub_subject`, `t_balance`, `n_balance`) VALUES (now(),'4', 'BOB-FENGJR-ZS-B-20170509', '02', '02', '0.0000', '0.0000');
INSERT INTO account_subject_info (update_time,`platcust`, `plat_no`, `subject`, `sub_subject`, `t_balance`, `n_balance`) VALUES (now(),'1', 'BOB-FENGJR-ZX-B-20170509', '01', '01', '0.0000', '0.0000');
INSERT INTO account_subject_info (update_time,`platcust`, `plat_no`, `subject`, `sub_subject`, `t_balance`, `n_balance`) VALUES (now(),'1', 'BOB-FENGJR-ZX-B-20170509', '01', '02', '0.0000', '0.0000');
INSERT INTO account_subject_info (update_time,`platcust`, `plat_no`, `subject`, `sub_subject`, `t_balance`, `n_balance`) VALUES (now(),'1', 'BOB-FENGJR-ZX-B-20170509', '02', '01', '0.0000', '0.0000');
INSERT INTO account_subject_info (update_time,`platcust`, `plat_no`, `subject`, `sub_subject`, `t_balance`, `n_balance`) VALUES (now(),'1', 'BOB-FENGJR-ZX-B-20170509', '02', '02', '0.0000', '0.0000');
INSERT INTO account_subject_info (update_time,`platcust`, `plat_no`, `subject`, `sub_subject`, `t_balance`, `n_balance`) VALUES (now(),'2', 'BOB-FENGJR-ZX-B-20170509', '01', '01', '0.0000', '0.0000');
INSERT INTO account_subject_info (update_time,`platcust`, `plat_no`, `subject`, `sub_subject`, `t_balance`, `n_balance`) VALUES (now(),'2', 'BOB-FENGJR-ZX-B-20170509', '01', '02', '0.0000', '0.0000');
INSERT INTO account_subject_info (update_time,`platcust`, `plat_no`, `subject`, `sub_subject`, `t_balance`, `n_balance`) VALUES (now(),'2', 'BOB-FENGJR-ZX-B-20170509', '02', '01', '0.0000', '0.0000');
INSERT INTO account_subject_info (update_time,`platcust`, `plat_no`, `subject`, `sub_subject`, `t_balance`, `n_balance`) VALUES (now(),'2', 'BOB-FENGJR-ZX-B-20170509', '02', '02', '0.0000', '0.0000');
INSERT INTO account_subject_info (update_time,`platcust`, `plat_no`, `subject`, `sub_subject`, `t_balance`, `n_balance`) VALUES (now(),'3', 'BOB-FENGJR-ZX-B-20170509', '01', '01', '0.0000', '0.0000');
INSERT INTO account_subject_info (update_time,`platcust`, `plat_no`, `subject`, `sub_subject`, `t_balance`, `n_balance`) VALUES (now(),'3', 'BOB-FENGJR-ZX-B-20170509', '01', '02', '0.0000', '0.0000');
INSERT INTO account_subject_info (update_time,`platcust`, `plat_no`, `subject`, `sub_subject`, `t_balance`, `n_balance`) VALUES (now(),'3', 'BOB-FENGJR-ZX-B-20170509', '02', '01', '0.0000', '0.0000');
INSERT INTO account_subject_info (update_time,`platcust`, `plat_no`, `subject`, `sub_subject`, `t_balance`, `n_balance`) VALUES (now(),'3', 'BOB-FENGJR-ZX-B-20170509', '02', '02', '0.0000', '0.0000');
INSERT INTO account_subject_info (update_time,`platcust`, `plat_no`, `subject`, `sub_subject`, `t_balance`, `n_balance`) VALUES (now(),'4', 'BOB-FENGJR-ZX-B-20170509', '01', '01', '0.0000', '0.0000');
INSERT INTO account_subject_info (update_time,`platcust`, `plat_no`, `subject`, `sub_subject`, `t_balance`, `n_balance`) VALUES (now(),'4', 'BOB-FENGJR-ZX-B-20170509', '01', '02', '0.0000', '0.0000');
INSERT INTO account_subject_info (update_time,`platcust`, `plat_no`, `subject`, `sub_subject`, `t_balance`, `n_balance`) VALUES (now(),'4', 'BOB-FENGJR-ZX-B-20170509', '02', '01', '0.0000', '0.0000');
INSERT INTO account_subject_info (update_time,`platcust`, `plat_no`, `subject`, `sub_subject`, `t_balance`, `n_balance`) VALUES (now(),'4', 'BOB-FENGJR-ZX-B-20170509', '02', '02', '0.0000', '0.0000');

delete from eacc_accountamtlist where plat_no in('BOB-FENGJR-B-20170509','BOB-FENGJR-ZS-B-20170509','BOB-FENGJR-ZX-B-20170509');

#交易流水
INSERT INTO eacc_accountamtlist (`trans_serial`, `plat_no`, `platcust`, `subject`, `sub_subject`, `trans_code`, `trans_name`, `trans_date`, `trans_time`, `amt_type`, `oppo_plat_no`, `oppo_platcust`, `oppo_subject`, `oppo_sub_subject`, `amt`, `account_date`, `enabled`, `create_time`, `order_no`,pay_code) VALUES (NULL, 'BOB-FENGJR-B-20170509', '1', '02', '03', 'C00011', NULL, NULL, NULL, '0', NULL, NULL, NULL, NULL, '100.0000', '2018-02-01', '1', NULL, '17751486616943198209','001');
INSERT INTO eacc_accountamtlist (`trans_serial`, `plat_no`, `platcust`, `subject`, `sub_subject`, `trans_code`, `trans_name`, `trans_date`, `trans_time`, `amt_type`, `oppo_plat_no`, `oppo_platcust`, `oppo_subject`, `oppo_sub_subject`, `amt`, `account_date`, `enabled`, `create_time`, `order_no`,pay_code) VALUES (NULL, 'BOB-FENGJR-B-20170509', '2', '02', '03', 'C00011', NULL, NULL, NULL, '0', NULL, NULL, NULL, NULL, '500.0000', '2018-02-01', '1', NULL, '17751486616943198210','001');
INSERT INTO eacc_accountamtlist (`trans_serial`, `plat_no`, `platcust`, `subject`, `sub_subject`, `trans_code`, `trans_name`, `trans_date`, `trans_time`, `amt_type`, `oppo_plat_no`, `oppo_platcust`, `oppo_subject`, `oppo_sub_subject`, `amt`, `account_date`, `enabled`, `create_time`, `order_no`,pay_code) VALUES (NULL, 'BOB-FENGJR-B-20170509', '3', '02', '03', 'C00011', NULL, NULL, NULL, '0', NULL, NULL, NULL, NULL, '600.0000', '2018-02-01', '1', NULL, '17751486616943198211','002');
INSERT INTO eacc_accountamtlist (`trans_serial`, `plat_no`, `platcust`, `subject`, `sub_subject`, `trans_code`, `trans_name`, `trans_date`, `trans_time`, `amt_type`, `oppo_plat_no`, `oppo_platcust`, `oppo_subject`, `oppo_sub_subject`, `amt`, `account_date`, `enabled`, `create_time`, `order_no`,pay_code) VALUES (NULL, 'BOB-FENGJR-B-20170509', '3', '02', '03', 'C00011', NULL, NULL, NULL, '0', NULL, NULL, NULL, NULL, '800.0000', '2018-02-01', '1', NULL, '17751486616943198212','002');
INSERT INTO eacc_accountamtlist (`trans_serial`, `plat_no`, `platcust`, `subject`, `sub_subject`, `trans_code`, `trans_name`, `trans_date`, `trans_time`, `amt_type`, `oppo_plat_no`, `oppo_platcust`, `oppo_subject`, `oppo_sub_subject`, `amt`, `account_date`, `enabled`, `create_time`, `order_no`,pay_code) VALUES (NULL, 'BOB-FENGJR-B-20170509', '1', '02', '03', 'P00001', NULL, NULL, NULL, '1', 'BOB-FENGJR-B-20170509', '2', '02', '03', '100.0000', '2018-02-01', '1', NULL, '17751486616943198213','');
INSERT INTO eacc_accountamtlist (`trans_serial`, `plat_no`, `platcust`, `subject`, `sub_subject`, `trans_code`, `trans_name`, `trans_date`, `trans_time`, `amt_type`, `oppo_plat_no`, `oppo_platcust`, `oppo_subject`, `oppo_sub_subject`, `amt`, `account_date`, `enabled`, `create_time`, `order_no`,pay_code) VALUES (NULL, 'BOB-FENGJR-B-20170509', '2', '02', '03', 'P00001', NULL, NULL, NULL, '0', 'BOB-FENGJR-B-20170509', '1', '02', '03', '100.0000', '2018-02-01', '1', NULL, '17751486616943198214','');
INSERT INTO eacc_accountamtlist (`trans_serial`, `plat_no`, `platcust`, `subject`, `sub_subject`, `trans_code`, `trans_name`, `trans_date`, `trans_time`, `amt_type`, `oppo_plat_no`, `oppo_platcust`, `oppo_subject`, `oppo_sub_subject`, `amt`, `account_date`, `enabled`, `create_time`, `order_no`,pay_code) VALUES (NULL, 'BOB-FENGJR-B-20170509', '3', '02', '03', 'P00001', NULL, NULL, NULL, '1', 'BOB-FENGJR-ZS-B-20170509', '4', '02', '01', '1000.0000', '2018-02-01', '1', NULL, '17751486616943198218','');
INSERT INTO eacc_accountamtlist (`trans_serial`, `plat_no`, `platcust`, `subject`, `sub_subject`, `trans_code`, `trans_name`, `trans_date`, `trans_time`, `amt_type`, `oppo_plat_no`, `oppo_platcust`, `oppo_subject`, `oppo_sub_subject`, `amt`, `account_date`, `enabled`, `create_time`, `order_no`,pay_code) VALUES (NULL, 'BOB-FENGJR-ZS-B-20170509', '4', '02', '01', 'P00001', NULL, NULL, NULL, '0', 'BOB-FENGJR-B-20170509', '3', '02', '03', '1000.0000', '2018-02-01', '1', NULL, '17751486616943198217','');
INSERT INTO eacc_accountamtlist (`trans_serial`, `plat_no`, `platcust`, `subject`, `sub_subject`, `trans_code`, `trans_name`, `trans_date`, `trans_time`, `amt_type`, `oppo_plat_no`, `oppo_platcust`, `oppo_subject`, `oppo_sub_subject`, `amt`, `account_date`, `enabled`, `create_time`, `order_no`,pay_code) VALUES (NULL, 'BOB-FENGJR-ZS-B-20170509', '4', '02', '01', 'P00001', NULL, NULL, NULL, '1', 'BOB-FENGJR-ZS-B-20170509', '1', '02', '01', '500.0000', '2018-02-01', '1', NULL, '17751486616943198218','');
INSERT INTO eacc_accountamtlist (`trans_serial`, `plat_no`, `platcust`, `subject`, `sub_subject`, `trans_code`, `trans_name`, `trans_date`, `trans_time`, `amt_type`, `oppo_plat_no`, `oppo_platcust`, `oppo_subject`, `oppo_sub_subject`, `amt`, `account_date`, `enabled`, `create_time`, `order_no`,pay_code) VALUES (NULL, 'BOB-FENGJR-ZS-B-20170509', '1', '02', '01', 'P00001', NULL, NULL, NULL, '0', 'BOB-FENGJR-ZS-B-20170509', '4', '02', '01', '500.0000', '2018-02-01', '1', NULL, '17751486616943198217','');

delete from clear_result where plat_no in('BOB-FENGJR-B-20170509','BOB-FENGJR-ZS-B-20170509','BOB-FENGJR-ZX-B-20170509');

#清算流水
INSERT INTO clear_result (`plat_no`, `pay_code`, `clear_date`, `clear_status`, `liquidation`) VALUES ('BOB-FENGJR-B-20170509', '001', '2018-02-01', '3', '0');
INSERT INTO clear_result (`plat_no`, `pay_code`, `clear_date`, `clear_status`, `liquidation`) VALUES ('BOB-FENGJR-ZS-B-20170509', '001', '2018-02-01', '3', '0');
INSERT INTO clear_result (`plat_no`, `pay_code`, `clear_date`, `clear_status`, `liquidation`) VALUES ('BOB-FENGJR-ZX-B-20170509', '001', '2018-02-01', '3', '0');
INSERT INTO clear_result (`plat_no`, `pay_code`, `clear_date`, `clear_status`, `liquidation`) VALUES ('BOB-FENGJR-B-20170509', '002', '2018-02-01', '3', '0');
INSERT INTO clear_result (`plat_no`, `pay_code`, `clear_date`, `clear_status`, `liquidation`) VALUES ('BOB-FENGJR-ZS-B-20170509', '002', '2018-02-01', '3', '0');
INSERT INTO clear_result (`plat_no`, `pay_code`, `clear_date`, `clear_status`, `liquidation`) VALUES ('BOB-FENGJR-ZX-B-20170509', '002', '2018-02-01', '3', '0');

delete from plat_paycode where plat_no in('BOB-FENGJR-B-20170509','BOB-FENGJR-ZS-B-20170509','BOB-FENGJR-ZX-B-20170509');

##  支付商户名称
INSERT INTO plat_paycode (mall_no,`plat_no`, `pay_code`, `payment_plat_no`) VALUES ('BOB-FENGJR-B-20170509','BOB-FENGJR-B-20170509', '001', 'BOB-JUMI-C-20170815');
INSERT INTO plat_paycode (mall_no,`plat_no`, `pay_code`, `payment_plat_no`) VALUES ('BOB-FENGJR-B-20170509','BOB-FENGJR-ZS-B-20170509', '001', 'BOB-JUMI-C-20170815');
INSERT INTO plat_paycode (mall_no,`plat_no`, `pay_code`, `payment_plat_no`) VALUES ('BOB-FENGJR-B-20170509','BOB-FENGJR-ZX-B-20170509', '001', 'BOB-JUMI-C-20170815');
INSERT INTO plat_paycode (mall_no,`plat_no`, `pay_code`, `payment_plat_no`) VALUES ('BOB-FENGJR-B-20170509','BOB-FENGJR-B-20170509', '002', 'BOB-JUMI-C-20170815');
INSERT INTO plat_paycode (mall_no,`plat_no`, `pay_code`, `payment_plat_no`) VALUES ('BOB-FENGJR-B-20170509','BOB-FENGJR-ZS-B-20170509', '002', 'BOB-JUMI-C-20170815');
INSERT INTO plat_paycode (mall_no,`plat_no`, `pay_code`, `payment_plat_no`) VALUES ('BOB-FENGJR-B-20170509','BOB-FENGJR-ZX-B-20170509', '002', 'BOB-JUMI-C-20170815');

delete from plat_cardinfo where plat_no in('BOB-FENGJR-B-20170509','BOB-FENGJR-ZS-B-20170509','BOB-FENGJR-ZX-B-20170509');

## 平台账户卡号及名称
INSERT INTO plat_cardinfo (`plat_no`, dedust_no,`card_type`, `card_name`, `card_no`) VALUES ('BOB-FENGJR-B-20170509',    '','01', '凤凰金融', '33050161883509201701');
INSERT INTO plat_cardinfo (`plat_no`, dedust_no,`card_type`, `card_name`, `card_no`) VALUES ('BOB-FENGJR-ZS-B-20170509', '','01', '凤凰金融智胜', '33050161883509201702');
INSERT INTO plat_cardinfo (`plat_no`, dedust_no,`card_type`, `card_name`, `card_no`) VALUES ('BOB-FENGJR-ZX-B-20170509', '','01', '凤凰金融智信', '33050161883509201703');

delete from eacc_userinfo where mall_no in('BOB-FENGJR-B-20170509','BOB-FENGJR-ZS-B-20170509','BOB-FENGJR-ZX-B-20170509');

##电子账户表
INSERT INTO eacc_userinfo (`mall_no`, `mallcust`, `eaccount`, `name`) VALUES ('BOB-FENGJR-B-20170509', '1', 'e1', '韦仨');
INSERT INTO eacc_userinfo (`mall_no`, `mallcust`, `eaccount`, `name`) VALUES ('BOB-FENGJR-B-20170509', '2', 'e2', '裘迎南');
INSERT INTO eacc_userinfo (`mall_no`, `mallcust`, `eaccount`, `name`) VALUES ('BOB-FENGJR-B-20170509', '3', 'e3', '张三');
INSERT INTO eacc_userinfo (`mall_no`, `mallcust`, `eaccount`, `name`) VALUES ('BOB-FENGJR-B-20170509', '4', 'e4', '李三');
INSERT INTO eacc_userinfo (`mall_no`, `mallcust`, `eaccount`, `name`) VALUES ('BOB-FENGJR-B-20170509', '5', 'e5', '三');
INSERT INTO eacc_userinfo (`mall_no`, `mallcust`, `eaccount`, `name`) VALUES ('BOB-FENGJR-B-20170509', '6', 'e6', '妖怪');
INSERT INTO eacc_userinfo (`mall_no`, `mallcust`, `eaccount`, `name`) VALUES ('BOB-FENGJR-B-20170509', '7', 'e7', '4');


delete from plat_platinfo where mall_no='BOB-FENGJR-B-20170509';
#初始化平台信息
INSERT INTO plat_platinfo (`mall_no`, `plat_no`, `plat_name`, `enabled`) VALUES ('BOB-FENGJR-B-20170509', 'BOB-FENGJR-ZS-B-20170509', 'ZS', '1');
INSERT INTO plat_platinfo (`mall_no`, `plat_no`, `plat_name`, `enabled`) VALUES ('BOB-FENGJR-B-20170509', 'BOB-FENGJR-ZX-B-20170509', 'ZX', '1');
	
DROP TABLE IF EXISTS `clear_yu_accountamtlist`;
CREATE TABLE `clear_yu_accountamtlist` (
  `id` bigint(20) unsigned NOT NULL AUTO_INCREMENT,
  `trans_id` bigint(20) DEFAULT NULL COMMENT '关联的交易流水',
  `plat_no` varchar(32) DEFAULT NULL COMMENT '平台编号',
  `switch_amt` decimal(19,4) DEFAULT NULL COMMENT '总清算金额（必定小于amt）',
  `amt` decimal(19,4) DEFAULT NULL COMMENT '交易金额',
  `account_date` date DEFAULT NULL COMMENT '账期',
  `ext1` varchar(20) DEFAULT NULL,
  `ext2` varchar(40) DEFAULT NULL,
  `ext3` varchar(60) DEFAULT NULL,
  `ext4` varchar(80) DEFAULT NULL,
  `ext5` varchar(100) DEFAULT NULL,
  `enabled` char(1) DEFAULT NULL,
  `ramerk` varchar(255) DEFAULT NULL,
  `create_by` varchar(50) DEFAULT NULL,
  `create_time` datetime DEFAULT NULL,
  `update_by` varchar(50) DEFAULT NULL,
  `update_time` datetime DEFAULT NULL,
  PRIMARY KEY (`id`)
) ENGINE=InnoDB AUTO_INCREMENT=2 DEFAULT CHARSET=utf8;


DROP TABLE IF EXISTS `clear_yu_account`;
CREATE TABLE `clear_yu_account` (
  `id` bigint(20) unsigned NOT NULL AUTO_INCREMENT,
  `plat_no` varchar(32) DEFAULT NULL,
  `platcust` varchar(64) DEFAULT NULL,
  `sub_subject` varchar(5) DEFAULT NULL,
  `clear_date` varchar(12) DEFAULT NULL COMMENT '清算时间',
  `n_balance` decimal(19,4) DEFAULT '0.0000' COMMENT '清算金额可用',
  `f_balance` decimal(19,4) DEFAULT '0.0000' COMMENT '冻结',
  `cur_n_balance` decimal(19,4) DEFAULT '0.0000' COMMENT '清算金额账户',
  `cur_f_balance` decimal(19,4) DEFAULT '0.0000',
  `status` varchar(1) DEFAULT '0' COMMENT '暂时无用',
  `remark` varchar(255) DEFAULT NULL COMMENT '保留',
  `create_by` varchar(50) DEFAULT NULL,
  `create_time` datetime DEFAULT NULL,
  `update_by` varchar(50) DEFAULT NULL,
  `update_time` datetime DEFAULT NULL,
  PRIMARY KEY (`id`)
) ENGINE=InnoDB AUTO_INCREMENT=19 DEFAULT CHARSET=utf8;